official_segment,EQUITY_RISK_SCORE,school_mean_math,within_school_gap,school_mean_escs,STAFFSHORT,EDUSHORT,NEGSCLIM,student_belong_mean,student_math_anxiety_mean,segment_size,segment_description
High-achievement unequal schools,59.6222626176219,501.94575493000673,69.58284113005774,0.21616739909308555,0.046279982073498656,-0.35320197590361446,-0.03858206955530217,0.02453804813861949,0.12776338697257145,4676,Higher maths performance but sizeable within-school SES inequality.
Resilient equitable performers,56.40451718494271,511.6199912251804,0.8095408334499473,0.19704192752436459,-0.14023672291296627,-0.35861861163227016,-0.3077643061809251,-0.002257558297714292,0.13959987746968477,3055,Higher maths performance with relatively lower within-school SES inequality.
Strained high-inequality schools,52.08592007434944,395.960022689545,55.87997698883352,-0.6867551607698121,0.6500114124293785,0.5298745098039216,0.23226004016064256,-0.14874379589622194,0.33412809128331394,2152,Lower maths performance combined with wider SES inequality and visible climate or resource strain.
Low-achievement broad support need,41.76828485885372,375.3393197294629,-0.19229685346553615,-0.8740334144074646,0.21719077152071445,0.3255114785073217,-0.08526752913752914,-0.19211219810265692,0.3538321811128074,4676,Lower maths performance with broad achievement challenges rather than concentrated inequality.
Mixed profile,34.04083769633508,393.42093659577426,51.67653819989381,-0.5116560212563321,-0.6462646464646464,-0.6632047916666667,-0.9109875518672199,-0.08453311915959372,0.32241223039910555,573,Schools with a mixed signal that do not clearly fit the main archetypes.
Digitally constrained schools,30.463939393939395,382.89342788339076,50.04427257079152,-0.583968407777481,-0.6167033582089552,-0.6644643884892086,-0.903,-0.1596364452580498,0.3156465739135017,330,Schools where digital access or device constraints stand out relative to the rest of the profile.
